"3 Jewels","31 Planes of Existance"
"3 Jewels","4 Noble Truths "
"3 Jewels","4 Stages Of Enlightement"
"4 Fundations of Mindfulness","16 Steps of Mindfulness of Breathing"
"4 Fundations of Mindfulness","6 Great Elements"
"4 Fundations of Mindfulness","5 Hindrances"
"4 Fundations of Mindfulness","5 Aggregates"
"4 Fundations of Mindfulness","6 Sense Bases"
"4 Fundations of Mindfulness","7 Factors of Enlightenment"
"4 Fundations of Mindfulness","4 Noble Truths "
"4 Noble Truths ","5 Aggregates"
"4 Noble Truths ","12 Links of Dependant Origination"
"4 Noble Truths ","12 Links of Trenscendental Dependant Origination"
"4 Noble Truths ","8-Fold Noble Path "
"5 Faculties","4 Factors Of Stream Entry"
"5 Faculties","4 Right Efforts"
"5 Faculties","4 Fundations of Mindfulness"
"5 Faculties","4 Jhanas"
"5 Faculties","4 Noble Truths "
"6 Gradual Trainings","31 Planes of Existance"
"6 Gradual Trainings","4 Noble Truths "
"8-Fold Noble Path ","4 Noble Truths "
"8-Fold Noble Path ","5 Hindrances"
"8-Fold Noble Path ","7 Factors of Enlightenment"
"8-Fold Noble Path ","4 Fundations of Mindfulness"
"8-Fold Noble Path ","4 Jhanas"
"12 Links of Dependant Origination","6 Sense Bases"
"16 Steps of Mindfulness of Breathing","4 Fundations of Mindfulness"
"16 Steps of Mindfulness of Breathing","7 Factors of Enlightenment"
"37 Wings to Awakening","4 Fundations of Mindfulness"
"37 Wings to Awakening","4 Right Efforts"
"37 Wings to Awakening","5 Faculties"
"37 Wings to Awakening","5 Qualities"
"37 Wings to Awakening","7 Factors of Enlightenment"
"37 Wings to Awakening","8-Fold Noble Path "
