"3 Jewels","3 Jewels"
"3 Perceptions","3 Perceptions"
"4 Factors Of Stream Entry","4 Factors Of Stream Entry"
"4 Fundations of Mindfulness","4 Fundations of Mindfulness"
"4 Jhanas","4 Jhanas"
"4 Noble Truths ","4 Noble Truths "
"4 Right Efforts","4 Right Efforts"
"4 Stages Of Enlightement","4 Stages Of Enlightement"
"5 Aggregates","5 Aggregates"
"5 Faculties","5 Faculties"
"5 Hindrances","5 Hindrances"
"5 Precepts","5 Precepts"
"5 Qualities","5 Qualities"
"6 Gradual Trainings","6 Gradual Trainings"
"6 Great Elements","6 Great Elements"
"6 Higher Knowledges","6 Higher Knowledges"
"6 Sense Bases","6 Sense Bases"
"7 Factors of Enlightenment","7 Factors of Enlightenment"
"8-Fold Noble Path ","8-Fold Noble Path "
"10 Fetters","10 Fetters"
"10 Perfections","10 Perfections"
"12 Links of Dependant Origination","12 Links of Dependant Origination"
"12 Links of Trenscendental Dependant Origination","12 Links of Trenscendental Dependant Origination"
"16 Steps of Mindfulness of Breathing","16 Steps of Mindfulness of Breathing"
"31 Planes of Existance","31 Planes of Existance"
"37 Wings to Awakening","37 Wings to Awakening"
